{
	"info": {
		"_postman_id": "089ea841-75fa-4478-835c-61845f32e10f",
		"name": "whatsapp",
		"schema": "https://schema.getpostman.com/json/collection/v2.1.0/collection.json",
		"_exporter_id": "10209675"
	},
	"item": [
		{
			"name": "LoginRegister",
			"item": [
				{
					"name": "login",
					"request": {
						"method": "POST",
						"header": [],
						"body": {
							"mode": "formdata",
							"formdata": [
								{
									"key": "email",
									"value": "ranaazeem2008@gmail.com",
									"description": "Logged in user",
									"type": "text"
								},
								{
									"key": "password",
									"value": "123456",
									"type": "text"
								}
							]
						},
						"url": {
							"raw": "http://localhost:8000/api/login",
							"protocol": "http",
							"host": [
								"localhost"
							],
							"port": "8000",
							"path": [
								"api",
								"login"
							]
						}
					},
					"response": []
				},
				{
					"name": "login Copy",
					"request": {
						"method": "POST",
						"header": [],
						"body": {
							"mode": "formdata",
							"formdata": [
								{
									"key": "email",
									"value": "shahbazhh01@gmail.com",
									"description": "Logged in user",
									"type": "text"
								},
								{
									"key": "password",
									"value": "123456",
									"type": "text"
								}
							]
						},
						"url": {
							"raw": "http://azeem.dev.jt.hostingshouse.com/projects/smsplus-react/api/login",
							"protocol": "http",
							"host": [
								"azeem",
								"dev",
								"jt",
								"hostingshouse",
								"com"
							],
							"path": [
								"projects",
								"smsplus-react",
								"api",
								"login"
							]
						}
					},
					"response": []
				},
				{
					"name": "terminateClient",
					"request": {
						"method": "POST",
						"header": [],
						"url": {
							"raw": "http://localhost:8000/api/terminateClient?user_id=3",
							"protocol": "http",
							"host": [
								"localhost"
							],
							"port": "8000",
							"path": [
								"api",
								"terminateClient"
							],
							"query": [
								{
									"key": "user_id",
									"value": "3"
								}
							]
						}
					},
					"response": []
				},
				{
					"name": "changeClientStatus",
					"request": {
						"method": "POST",
						"header": [],
						"url": {
							"raw": "http://localhost:8000/api/changeClientStatus?user_id=3&status=inactive",
							"protocol": "http",
							"host": [
								"localhost"
							],
							"port": "8000",
							"path": [
								"api",
								"changeClientStatus"
							],
							"query": [
								{
									"key": "user_id",
									"value": "3"
								},
								{
									"key": "status",
									"value": "inactive"
								}
							]
						}
					},
					"response": []
				},
				{
					"name": "createClientFromWHMCS",
					"request": {
						"method": "POST",
						"header": [],
						"url": {
							"raw": "http://localhost:8000/api/createClientFromWHMCS?first_name=Azeem&last_name=Aslam&email=azeemaslamhh@gmail.com&mobile_no=923224193397&country=pk&accountid=1&password=123456&whmcs_pid=1&whmcs_service_id=1&whmcs_package_id=1",
							"protocol": "http",
							"host": [
								"localhost"
							],
							"port": "8000",
							"path": [
								"api",
								"createClientFromWHMCS"
							],
							"query": [
								{
									"key": "first_name",
									"value": "Azeem"
								},
								{
									"key": "last_name",
									"value": "Aslam"
								},
								{
									"key": "email",
									"value": "azeemaslamhh@gmail.com"
								},
								{
									"key": "mobile_no",
									"value": "923224193397"
								},
								{
									"key": "country",
									"value": "pk"
								},
								{
									"key": "accountid",
									"value": "1"
								},
								{
									"key": "password",
									"value": "123456"
								},
								{
									"key": "whmcs_pid",
									"value": "1"
								},
								{
									"key": "whmcs_service_id",
									"value": "1"
								},
								{
									"key": "whmcs_package_id",
									"value": "1"
								}
							]
						}
					},
					"response": []
				},
				{
					"name": "clientLogoutActivity",
					"request": {
						"method": "POST",
						"header": [],
						"url": {
							"raw": "http://localhost:8000/api/clientLogoutActivity?user_id=3",
							"protocol": "http",
							"host": [
								"localhost"
							],
							"port": "8000",
							"path": [
								"api",
								"clientLogoutActivity"
							],
							"query": [
								{
									"key": "user_id",
									"value": "3"
								}
							]
						}
					},
					"response": []
				},
				{
					"name": "getClientDetailByEmail",
					"request": {
						"method": "POST",
						"header": [],
						"url": {
							"raw": "http://localhost:8000/api/getClientDetailByEmail?email=azeemaslamhh@gmail.com",
							"protocol": "http",
							"host": [
								"localhost"
							],
							"port": "8000",
							"path": [
								"api",
								"getClientDetailByEmail"
							],
							"query": [
								{
									"key": "email",
									"value": "azeemaslamhh@gmail.com"
								}
							]
						}
					},
					"response": []
				},
				{
					"name": "changeClientPassword",
					"request": {
						"method": "POST",
						"header": [],
						"url": {
							"raw": "http://localhost:8000/api/changeClientPassword?user_id=3&password=12345678",
							"protocol": "http",
							"host": [
								"localhost"
							],
							"port": "8000",
							"path": [
								"api",
								"changeClientPassword"
							],
							"query": [
								{
									"key": "user_id",
									"value": "3"
								},
								{
									"key": "password",
									"value": "12345678"
								}
							]
						}
					},
					"response": []
				},
				{
					"name": "sendEmailResetPasswordLink",
					"request": {
						"method": "POST",
						"header": [],
						"url": {
							"raw": "https://wp.10.azeem.dev.jt.hostingshouse.com/api/sendEmailResetPasswordLink?email=azeemaslamhh@gmail.com",
							"protocol": "https",
							"host": [
								"wp",
								"10",
								"azeem",
								"dev",
								"jt",
								"hostingshouse",
								"com"
							],
							"path": [
								"api",
								"sendEmailResetPasswordLink"
							],
							"query": [
								{
									"key": "email",
									"value": "azeemaslamhh@gmail.com"
								}
							]
						}
					},
					"response": []
				},
				{
					"name": "resetPassword",
					"request": {
						"method": "POST",
						"header": [],
						"url": {
							"raw": "http://localhost:8000/api/resetPassword?token=2|PjMqrDNIAnOHHfBJwgEyQPppJY4WMiravJoPtKVX&password=123456",
							"protocol": "http",
							"host": [
								"localhost"
							],
							"port": "8000",
							"path": [
								"api",
								"resetPassword"
							],
							"query": [
								{
									"key": "token",
									"value": "2|PjMqrDNIAnOHHfBJwgEyQPppJY4WMiravJoPtKVX"
								},
								{
									"key": "password",
									"value": "123456"
								}
							]
						}
					},
					"response": []
				},
				{
					"name": "getUserName",
					"request": {
						"method": "POST",
						"header": [],
						"url": {
							"raw": "http://localhost:8000/api/getUserName?user_id=3",
							"protocol": "http",
							"host": [
								"localhost"
							],
							"port": "8000",
							"path": [
								"api",
								"getUserName"
							],
							"query": [
								{
									"key": "user_id",
									"value": "3"
								}
							]
						}
					},
					"response": []
				}
			]
		},
		{
			"name": "Contacts",
			"item": [
				{
					"name": "getSuppressContacts",
					"request": {
						"method": "POST",
						"header": [
							{
								"key": "Accept",
								"value": "application/json",
								"type": "text",
								"equals": true
							},
							{
								"key": "Authorization",
								"value": "Bearer 36|WBz6sjahYSJ9JAhx2njZ2wG4JBVjj0fWGJTrrp6O",
								"type": "text",
								"equals": true,
								"disabled": true
							}
						],
						"body": {
							"mode": "formdata",
							"formdata": []
						},
						"url": {
							"raw": "addGroup/api/getSuppressContacts?user_id=3&page=1&items_per_page=100",
							"host": [
								"addGroup"
							],
							"path": [
								"api",
								"getSuppressContacts"
							],
							"query": [
								{
									"key": "user_id",
									"value": "3",
									"description": "Get Supress contacts with pagination\n"
								},
								{
									"key": "page",
									"value": "1"
								},
								{
									"key": "items_per_page",
									"value": "100"
								}
							]
						}
					},
					"response": []
				},
				{
					"name": "getUploadSupressfiles",
					"request": {
						"method": "POST",
						"header": [
							{
								"key": "accept",
								"value": "application/json",
								"type": "text",
								"equals": true
							}
						],
						"body": {
							"mode": "formdata",
							"formdata": []
						},
						"url": {
							"raw": "http://localhost:8000/api/getUploadSupressfiles?user_id=3",
							"protocol": "http",
							"host": [
								"localhost"
							],
							"port": "8000",
							"path": [
								"api",
								"getUploadSupressfiles"
							],
							"query": [
								{
									"key": "user_id",
									"value": "3",
									"description": "Get uploaded supress uploaded csv Files from server"
								}
							]
						}
					},
					"response": []
				},
				{
					"name": "getContacts",
					"request": {
						"method": "POST",
						"header": [
							{
								"key": "Accept",
								"value": "application/json",
								"type": "text"
							}
						],
						"body": {
							"mode": "formdata",
							"formdata": []
						},
						"url": {
							"raw": "http://whatsapp.local/api/getContacts?user_id=3&page=1&items_per_page=10",
							"protocol": "http",
							"host": [
								"whatsapp",
								"local"
							],
							"path": [
								"api",
								"getContacts"
							],
							"query": [
								{
									"key": "user_id",
									"value": "3",
									"description": "Get Conatcts with pagination and apply filter like list_id"
								},
								{
									"key": "page",
									"value": "1"
								},
								{
									"key": "items_per_page",
									"value": "10"
								},
								{
									"key": "list_id",
									"value": "192",
									"disabled": true
								}
							]
						}
					},
					"response": []
				},
				{
					"name": "addContact",
					"request": {
						"method": "POST",
						"header": [
							{
								"key": "Accept",
								"value": "application/json",
								"type": "text"
							}
						],
						"body": {
							"mode": "formdata",
							"formdata": [
								{
									"key": "user_id",
									"value": "3",
									"description": "Add Contact to send the sms"
								},
								{
									"key": "group_id",
									"value": "1"
								},
								{
									"key": "mobile_no",
									"value": "923334313790"
								},
								{
									"key": "is_confirmed",
									"value": "Yes"
								},
								{
									"key": "is_unsubscribed",
									"value": "0"
								},
								{
									"key": "country_code",
									"value": "PK"
								},
								{
									"key": "first_name",
									"value": "Haroon-1-sar"
								},
								{
									"key": "last_name",
									"value": "Sarwar"
								},
								{
									"key": "status",
									"value": "1"
								},
								{
									"key": "sub_id",
									"value": "6",
									"description": "To Edit any subscriber just add sub_id in the param"
								},
								{
									"key": "customFieldData",
									"value": "[{\"field_id\":1,\"field_value\":\"youtube\"},{\"field_id\":2,\"field_value\":\"twitter\"},{\"field_id\":3,\"field_value\":\"instagram\"}]"
								},
								{
									"key": "photo",
									"type": "file",
									"src": "/C:/Users/azeem/Pictures/1.jpg"
								}
							]
						},
						"url": {
							"raw": "http://whatsapp.local/api/addContact",
							"protocol": "http",
							"host": [
								"whatsapp",
								"local"
							],
							"path": [
								"api",
								"addContact"
							]
						}
					},
					"response": []
				},
				{
					"name": "getCountries",
					"request": {
						"method": "POST",
						"header": [
							{
								"key": "Accept",
								"value": "application/json",
								"type": "text"
							}
						],
						"body": {
							"mode": "formdata",
							"formdata": []
						},
						"url": {
							"raw": "http://localhost:8000/api/getCountries?user_id=3",
							"protocol": "http",
							"host": [
								"localhost"
							],
							"port": "8000",
							"path": [
								"api",
								"getCountries"
							],
							"query": [
								{
									"key": "user_id",
									"value": "3"
								}
							]
						}
					},
					"response": []
				},
				{
					"name": "importContactsStep1",
					"request": {
						"method": "POST",
						"header": [],
						"body": {
							"mode": "formdata",
							"formdata": [
								{
									"key": "user_id",
									"value": "3",
									"description": "import conatcs, this step will upload the csv file then next step we will maped the field to store data in database field",
									"type": "text"
								},
								{
									"key": "list_id",
									"value": "1",
									"type": "text"
								},
								{
									"key": "contact_list_file",
									"type": "file",
									"src": "/C:/Users/azeem/Desktop/desktop/Office mobile.csv"
								},
								{
									"key": "contains_header",
									"value": "1",
									"type": "text"
								},
								{
									"key": "duplicate",
									"value": "1",
									"type": "text"
								},
								{
									"key": "file_option",
									"value": "upload",
									"type": "text"
								},
								{
									"key": "rocket_import ",
									"value": "1",
									"type": "text"
								}
							]
						},
						"url": {
							"raw": "http://localhost:8000/api/importContactsStep1",
							"protocol": "http",
							"host": [
								"localhost"
							],
							"port": "8000",
							"path": [
								"api",
								"importContactsStep1"
							]
						}
					},
					"response": []
				},
				{
					"name": "importContactsStep2",
					"request": {
						"method": "POST",
						"header": [],
						"body": {
							"mode": "formdata",
							"formdata": [
								{
									"key": "contact_list_file",
									"value": "1676279900Office_mobile.csv",
									"type": "text"
								},
								{
									"key": "list_id",
									"value": "1",
									"type": "text"
								},
								{
									"key": "contains_header",
									"value": "1",
									"type": "text"
								},
								{
									"key": "skip_duplicates",
									"value": "1",
									"type": "text"
								},
								{
									"key": "file_format",
									"value": "csv",
									"type": "text"
								},
								{
									"key": "total_records",
									"value": "4",
									"type": "text"
								},
								{
									"key": "map_field",
									"value": "{\"field_0\":\"mobile_no\"}",
									"description": "{\"field_0\":\"first_name\",\"field_1\":\"last_name\",\"field_2\":\"mobile_no\"}",
									"type": "text"
								},
								{
									"key": "user_id",
									"value": "3",
									"type": "text"
								},
								{
									"key": "rocket_import",
									"value": "0",
									"type": "text"
								}
							]
						},
						"url": {
							"raw": "http://localhost:8000/api/importContactsStep2",
							"protocol": "http",
							"host": [
								"localhost"
							],
							"port": "8000",
							"path": [
								"api",
								"importContactsStep2"
							]
						}
					},
					"response": []
				},
				{
					"name": "exportListStep1",
					"request": {
						"method": "POST",
						"header": [],
						"body": {
							"mode": "formdata",
							"formdata": []
						},
						"url": {
							"raw": "http://localhost:8000/api/exportListStep1?user_id=3&list_id=1",
							"protocol": "http",
							"host": [
								"localhost"
							],
							"port": "8000",
							"path": [
								"api",
								"exportListStep1"
							],
							"query": [
								{
									"key": "user_id",
									"value": "3",
									"description": "export list and it eill return file fields and then in next step provide the fields to export"
								},
								{
									"key": "list_id",
									"value": "1"
								}
							]
						}
					},
					"response": []
				},
				{
					"name": "exportListStep2",
					"request": {
						"method": "POST",
						"header": [],
						"body": {
							"mode": "formdata",
							"formdata": []
						},
						"url": {
							"raw": "http://localhost:8000/api/exportListStep2?user_id=3&list_id=1&fieldsData=[\"first_name\",\"last_name\",\"country\",\"mobile_no\"]",
							"protocol": "http",
							"host": [
								"localhost"
							],
							"port": "8000",
							"path": [
								"api",
								"exportListStep2"
							],
							"query": [
								{
									"key": "user_id",
									"value": "3",
									"description": "Second step to export contacts, after this step cron will export the file"
								},
								{
									"key": "list_id",
									"value": "1"
								},
								{
									"key": "fieldsData",
									"value": "[\"first_name\",\"last_name\",\"country\",\"mobile_no\"]"
								}
							]
						}
					},
					"response": []
				},
				{
					"name": "getContactDetail",
					"request": {
						"method": "POST",
						"header": [],
						"body": {
							"mode": "formdata",
							"formdata": []
						},
						"url": {
							"raw": "http://localhost:8000/api/getContactDetail?user_id=3&contact_id=3",
							"protocol": "http",
							"host": [
								"localhost"
							],
							"port": "8000",
							"path": [
								"api",
								"getContactDetail"
							],
							"query": [
								{
									"key": "user_id",
									"value": "3",
									"description": "Get Single Contact detail"
								},
								{
									"key": "contact_id",
									"value": "3"
								}
							]
						}
					},
					"response": []
				},
				{
					"name": "suppressContacts",
					"request": {
						"method": "POST",
						"header": [],
						"body": {
							"mode": "formdata",
							"formdata": [
								{
									"key": "user_id",
									"value": "3",
									"description": "Supress contacts with import csv File"
								},
								{
									"key": "list_id",
									"value": "1"
								},
								{
									"key": "file_option",
									"value": "upload",
									"description": "Options can be upload,select,input"
								},
								{
									"key": "mobilelist",
									"type": "file",
									"src": "/C:/Users/azeem/Desktop/desktop/Office mobile.csv"
								},
								{
									"key": "lable",
									"value": "S3"
								}
							]
						},
						"url": {
							"raw": "http://localhost:8000/api/suppressContacts",
							"protocol": "http",
							"host": [
								"localhost"
							],
							"port": "8000",
							"path": [
								"api",
								"suppressContacts"
							]
						}
					},
					"response": []
				},
				{
					"name": "deleteContacts",
					"request": {
						"method": "POST",
						"header": [],
						"url": {
							"raw": "http://localhost:8000/api/deleteContacts?id=3&user_id=3",
							"protocol": "http",
							"host": [
								"localhost"
							],
							"port": "8000",
							"path": [
								"api",
								"deleteContacts"
							],
							"query": [
								{
									"key": "id",
									"value": "3"
								},
								{
									"key": "user_id",
									"value": "3"
								}
							]
						}
					},
					"response": []
				},
				{
					"name": "getContactsByGroupID",
					"request": {
						"method": "POST",
						"header": [],
						"url": {
							"raw": "http://localhost:8000/api/getContactsByGroupID?user_id=3&page=1&items_per_page=10&list_id=1",
							"protocol": "http",
							"host": [
								"localhost"
							],
							"port": "8000",
							"path": [
								"api",
								"getContactsByGroupID"
							],
							"query": [
								{
									"key": "user_id",
									"value": "3"
								},
								{
									"key": "page",
									"value": "1"
								},
								{
									"key": "items_per_page",
									"value": "10"
								},
								{
									"key": "list_id",
									"value": "1"
								}
							]
						}
					},
					"response": []
				},
				{
					"name": "getImportStatus",
					"request": {
						"method": "POST",
						"header": [],
						"url": {
							"raw": "http://localhost:8000/api/getImportStatus?import_id=2&user_id=3",
							"protocol": "http",
							"host": [
								"localhost"
							],
							"port": "8000",
							"path": [
								"api",
								"getImportStatus"
							],
							"query": [
								{
									"key": "import_id",
									"value": "2"
								},
								{
									"key": "user_id",
									"value": "3"
								}
							]
						}
					},
					"response": []
				}
			]
		},
		{
			"name": "WhatsAppaccount",
			"item": [
				{
					"name": "sendIndividualMessage",
					"request": {
						"method": "POST",
						"header": [],
						"url": {
							"raw": "http://localhost:8000/api/sendIndividualMessage?user_id=3&list_name=List 1",
							"protocol": "http",
							"host": [
								"localhost"
							],
							"port": "8000",
							"path": [
								"api",
								"sendIndividualMessage"
							],
							"query": [
								{
									"key": "user_id",
									"value": "3",
									"description": "Get Conatcts with pagination and apply filter like list_id"
								},
								{
									"key": "list_name",
									"value": "List 1"
								}
							]
						}
					},
					"response": []
				},
				{
					"name": "addAccount",
					"request": {
						"method": "POST",
						"header": [],
						"url": {
							"raw": "http://whatsapp.local/api/addAccount?user_id=3&phone_number=165468468416846&business_id=164684184848fd&waba_id=54848484dfd&version=5.26&token=fsaf435tegrsdg54y56fsdfsdf",
							"protocol": "http",
							"host": [
								"whatsapp",
								"local"
							],
							"path": [
								"api",
								"addAccount"
							],
							"query": [
								{
									"key": "user_id",
									"value": "3",
									"description": "Get Conatcts with pagination and apply filter like list_id"
								},
								{
									"key": "phone_number",
									"value": "165468468416846"
								},
								{
									"key": "business_id",
									"value": "164684184848fd"
								},
								{
									"key": "waba_id",
									"value": "54848484dfd"
								},
								{
									"key": "version",
									"value": "5.26"
								},
								{
									"key": "token",
									"value": "fsaf435tegrsdg54y56fsdfsdf"
								},
								{
									"key": "id",
									"value": "10",
									"disabled": true
								}
							]
						}
					},
					"response": []
				},
				{
					"name": "getWhatsAppSendingNumbers",
					"request": {
						"method": "POST",
						"header": [],
						"url": {
							"raw": "http://whatsapp.local/api/getWhatsAppSendingNumbers?user_id=3",
							"protocol": "http",
							"host": [
								"whatsapp",
								"local"
							],
							"path": [
								"api",
								"getWhatsAppSendingNumbers"
							],
							"query": [
								{
									"key": "user_id",
									"value": "3",
									"description": "Get Conatcts with pagination and apply filter like list_id"
								}
							]
						}
					},
					"response": []
				},
				{
					"name": "getWhatsAppTemplates",
					"request": {
						"method": "POST",
						"header": [],
						"url": {
							"raw": "http://whatsapp.local/api/getWhatsAppTemplates?user_id=3&page=1&items_per_page=10",
							"protocol": "http",
							"host": [
								"whatsapp",
								"local"
							],
							"path": [
								"api",
								"getWhatsAppTemplates"
							],
							"query": [
								{
									"key": "user_id",
									"value": "3",
									"description": "Get Conatcts with pagination and apply filter like list_id"
								},
								{
									"key": "page",
									"value": "1"
								},
								{
									"key": "items_per_page",
									"value": "10"
								}
							]
						}
					},
					"response": []
				},
				{
					"name": "addWhatsAppSendingNumbers",
					"request": {
						"method": "POST",
						"header": [],
						"url": {
							"raw": "http://whatsapp.local/api/addWhatsAppSendingNumbers?user_id=3&mobile_no=923004193123&whatsapp_credencial_id=2&status=active",
							"protocol": "http",
							"host": [
								"whatsapp",
								"local"
							],
							"path": [
								"api",
								"addWhatsAppSendingNumbers"
							],
							"query": [
								{
									"key": "user_id",
									"value": "3",
									"description": "Get Conatcts with pagination and apply filter like list_id"
								},
								{
									"key": "mobile_no",
									"value": "923004193123"
								},
								{
									"key": "whatsapp_credencial_id",
									"value": "2"
								},
								{
									"key": "status",
									"value": "active"
								},
								{
									"key": "number_id",
									"value": "2",
									"disabled": true
								}
							]
						}
					},
					"response": []
				},
				{
					"name": "addWhatsAppTemplate",
					"request": {
						"method": "POST",
						"header": [],
						"url": {
							"raw": "http://whatsapp.local/api/addWhatsAppTemplate?user_id=3&name=test3&whatsapp_credencial_id=2",
							"protocol": "http",
							"host": [
								"whatsapp",
								"local"
							],
							"path": [
								"api",
								"addWhatsAppTemplate"
							],
							"query": [
								{
									"key": "user_id",
									"value": "3",
									"description": "Get Conatcts with pagination and apply filter like list_id"
								},
								{
									"key": "name",
									"value": "test3"
								},
								{
									"key": "whatsapp_credencial_id",
									"value": "2"
								},
								{
									"key": "status",
									"value": "active",
									"disabled": true
								},
								{
									"key": "number_id",
									"value": "2",
									"disabled": true
								}
							]
						}
					},
					"response": []
				}
			]
		},
		{
			"name": "Groups",
			"item": [
				{
					"name": "addGroup",
					"request": {
						"method": "POST",
						"header": [
							{
								"key": "Accept",
								"value": "application/json",
								"type": "text"
							}
						],
						"body": {
							"mode": "formdata",
							"formdata": []
						},
						"url": {
							"raw": "http://localhost:8000/api/addGroup?user_id=3&group_name=List 1",
							"protocol": "http",
							"host": [
								"localhost"
							],
							"port": "8000",
							"path": [
								"api",
								"addGroup"
							],
							"query": [
								{
									"key": "user_id",
									"value": "3",
									"description": "Add List"
								},
								{
									"key": "group_name",
									"value": "List 1"
								},
								{
									"key": "custom_field_id_fk",
									"value": "[80,12]",
									"disabled": true
								}
							]
						}
					},
					"response": []
				},
				{
					"name": "getGroups",
					"request": {
						"method": "POST",
						"header": [
							{
								"key": "Accept",
								"value": "application/json",
								"type": "text"
							}
						],
						"body": {
							"mode": "formdata",
							"formdata": []
						},
						"url": {
							"raw": "http://whatsapp.local/api/getGroups?user_id=3&page=1&items_per_page=2",
							"protocol": "http",
							"host": [
								"whatsapp",
								"local"
							],
							"path": [
								"api",
								"getGroups"
							],
							"query": [
								{
									"key": "user_id",
									"value": "3"
								},
								{
									"key": "page",
									"value": "1"
								},
								{
									"key": "items_per_page",
									"value": "2"
								}
							]
						}
					},
					"response": []
				},
				{
					"name": "deleteGroup",
					"request": {
						"method": "POST",
						"header": [],
						"body": {
							"mode": "formdata",
							"formdata": []
						},
						"url": {
							"raw": "http://localhost:8000/api/deleteGroup?user_id=3&group_ids=1,2",
							"protocol": "http",
							"host": [
								"localhost"
							],
							"port": "8000",
							"path": [
								"api",
								"deleteGroup"
							],
							"query": [
								{
									"key": "user_id",
									"value": "3",
									"description": "Delete List"
								},
								{
									"key": "group_ids",
									"value": "1,2"
								}
							]
						}
					},
					"response": []
				},
				{
					"name": "getGroupDetail",
					"request": {
						"method": "POST",
						"header": [
							{
								"key": "Accept",
								"value": "application/json",
								"type": "text"
							}
						],
						"body": {
							"mode": "formdata",
							"formdata": []
						},
						"url": {
							"raw": "http://localhost:8000/api/getGroupDetail?user_id=3&group_id=4",
							"protocol": "http",
							"host": [
								"localhost"
							],
							"port": "8000",
							"path": [
								"api",
								"getGroupDetail"
							],
							"query": [
								{
									"key": "user_id",
									"value": "3",
									"description": "Get Single list record"
								},
								{
									"key": "group_id",
									"value": "4"
								}
							]
						}
					},
					"response": []
				},
				{
					"name": "getUserGroups",
					"request": {
						"method": "POST",
						"header": [],
						"url": {
							"raw": "http://localhost:8000/api/getUserGroups?user_id=3",
							"protocol": "http",
							"host": [
								"localhost"
							],
							"port": "8000",
							"path": [
								"api",
								"getUserGroups"
							],
							"query": [
								{
									"key": "user_id",
									"value": "3"
								}
							]
						}
					},
					"response": []
				}
			]
		},
		{
			"name": "CustomFields",
			"item": [
				{
					"name": "getCustomFields",
					"request": {
						"method": "POST",
						"header": [],
						"body": {
							"mode": "formdata",
							"formdata": []
						},
						"url": {
							"raw": "http://whatsapp.local/api/getCustomFields?user_id=3&page=1&items_per_page=1",
							"protocol": "http",
							"host": [
								"whatsapp",
								"local"
							],
							"path": [
								"api",
								"getCustomFields"
							],
							"query": [
								{
									"key": "user_id",
									"value": "3",
									"description": "Get Custom Fields \n\n"
								},
								{
									"key": "page",
									"value": "1"
								},
								{
									"key": "items_per_page",
									"value": "1",
									"description": "10"
								}
							]
						}
					},
					"response": []
				},
				{
					"name": "getAdditionalFields",
					"request": {
						"method": "POST",
						"header": [],
						"body": {
							"mode": "formdata",
							"formdata": []
						},
						"url": {
							"raw": "http://whatsapp.local/api/getAdditionalFields?user_id=3",
							"protocol": "http",
							"host": [
								"whatsapp",
								"local"
							],
							"path": [
								"api",
								"getAdditionalFields"
							],
							"query": [
								{
									"key": "user_id",
									"value": "3",
									"description": "Get Additional fields"
								}
							]
						}
					},
					"response": []
				},
				{
					"name": "addCustomFields",
					"request": {
						"method": "POST",
						"header": [],
						"body": {
							"mode": "formdata",
							"formdata": []
						},
						"url": {
							"raw": "http://whatsapp.local/api/addCustomFields?user_id=3&field_name=ffffff&field_type=Text&is_required=0&field_order=1&id=13",
							"protocol": "http",
							"host": [
								"whatsapp",
								"local"
							],
							"path": [
								"api",
								"addCustomFields"
							],
							"query": [
								{
									"key": "user_id",
									"value": "3"
								},
								{
									"key": "field_name",
									"value": "ffffff"
								},
								{
									"key": "field_type",
									"value": "Text",
									"description": "text,checkbox,textarea,number,select,radio,date"
								},
								{
									"key": "is_required",
									"value": "0"
								},
								{
									"key": "field_order",
									"value": "1"
								},
								{
									"key": "id",
									"value": "13"
								}
							]
						}
					},
					"response": []
				},
				{
					"name": "deleteCustomField",
					"request": {
						"method": "POST",
						"header": [],
						"url": {
							"raw": "http://whatsapp.local/api/deleteCustomField?user_id=3&id=1",
							"protocol": "http",
							"host": [
								"whatsapp",
								"local"
							],
							"path": [
								"api",
								"deleteCustomField"
							],
							"query": [
								{
									"key": "user_id",
									"value": "3"
								},
								{
									"key": "id",
									"value": "1"
								}
							]
						}
					},
					"response": []
				},
				{
					"name": "getCustomFieldDetail",
					"request": {
						"method": "POST",
						"header": [],
						"url": {
							"raw": "http://whatsapp.local/api/getCustomFieldDetail?user_id=3&custom_field_id=5",
							"protocol": "http",
							"host": [
								"whatsapp",
								"local"
							],
							"path": [
								"api",
								"getCustomFieldDetail"
							],
							"query": [
								{
									"key": "user_id",
									"value": "3"
								},
								{
									"key": "custom_field_id",
									"value": "5"
								}
							]
						}
					},
					"response": []
				},
				{
					"name": "getAllCustomFields",
					"request": {
						"method": "POST",
						"header": [],
						"url": {
							"raw": "http://whatsapp.local/api/getAllCustomFields?user_id=3",
							"protocol": "http",
							"host": [
								"whatsapp",
								"local"
							],
							"path": [
								"api",
								"getAllCustomFields"
							],
							"query": [
								{
									"key": "user_id",
									"value": "3"
								}
							]
						}
					},
					"response": []
				},
				{
					"name": "getAllAdditionalFields",
					"request": {
						"method": "POST",
						"header": [],
						"url": {
							"raw": "http://whatsapp.local/api/getAllAdditionalFields?user_id=3",
							"protocol": "http",
							"host": [
								"whatsapp",
								"local"
							],
							"path": [
								"api",
								"getAllAdditionalFields"
							],
							"query": [
								{
									"key": "user_id",
									"value": "3"
								}
							]
						}
					},
					"response": []
				},
				{
					"name": "getAllFields",
					"request": {
						"method": "POST",
						"header": [],
						"url": {
							"raw": "http://whatsapp.local/api/getAllFields?user_id=3",
							"protocol": "http",
							"host": [
								"whatsapp",
								"local"
							],
							"path": [
								"api",
								"getAllFields"
							],
							"query": [
								{
									"key": "user_id",
									"value": "3"
								}
							]
						}
					},
					"response": []
				}
			]
		},
		{
			"name": "Puher",
			"item": [
				{
					"name": "addPusher",
					"request": {
						"method": "POST",
						"header": [],
						"url": {
							"raw": "http://localhost:8000/api/addPusher?cluster=adsdaf fa&user_tls=1&pusher_key=Hello Azeem&pusher_secret_key=dsadsadsasdsadasd&pusher_id=dasdsasasdasddsad&channel_name=dasdasdasasaasdasd&event_name=asd&user_id=3&status=1&id=4",
							"protocol": "http",
							"host": [
								"localhost"
							],
							"port": "8000",
							"path": [
								"api",
								"addPusher"
							],
							"query": [
								{
									"key": "cluster",
									"value": "adsdaf fa"
								},
								{
									"key": "user_tls",
									"value": "1"
								},
								{
									"key": "pusher_key",
									"value": "Hello Azeem"
								},
								{
									"key": "pusher_secret_key",
									"value": "dsadsadsasdsadasd"
								},
								{
									"key": "pusher_id",
									"value": "dasdsasasdasddsad"
								},
								{
									"key": "channel_name",
									"value": "dasdasdasasaasdasd"
								},
								{
									"key": "event_name",
									"value": "asd"
								},
								{
									"key": "user_id",
									"value": "3"
								},
								{
									"key": "status",
									"value": "1"
								},
								{
									"key": "id",
									"value": "4"
								}
							]
						}
					},
					"response": []
				},
				{
					"name": "deletePusher",
					"request": {
						"method": "POST",
						"header": [],
						"body": {
							"mode": "formdata",
							"formdata": []
						},
						"url": {
							"raw": "http://localhost:8000/api/deletePusher?user_id=3&pusher_ids=4",
							"protocol": "http",
							"host": [
								"localhost"
							],
							"port": "8000",
							"path": [
								"api",
								"deletePusher"
							],
							"query": [
								{
									"key": "user_id",
									"value": "3",
									"description": "Delete List"
								},
								{
									"key": "pusher_ids",
									"value": "4"
								}
							]
						}
					},
					"response": []
				},
				{
					"name": "getPusherDetail",
					"request": {
						"method": "POST",
						"header": [
							{
								"key": "Accept",
								"value": "application/json",
								"type": "text"
							}
						],
						"body": {
							"mode": "formdata",
							"formdata": []
						},
						"url": {
							"raw": "http://localhost:8000/api/getPusherDetail?user_id=3&group_id=4",
							"protocol": "http",
							"host": [
								"localhost"
							],
							"port": "8000",
							"path": [
								"api",
								"getPusherDetail"
							],
							"query": [
								{
									"key": "user_id",
									"value": "3",
									"description": "Get Single list record"
								},
								{
									"key": "group_id",
									"value": "4"
								}
							]
						}
					},
					"response": []
				},
				{
					"name": "getPushers",
					"request": {
						"method": "POST",
						"header": [
							{
								"key": "Accept",
								"value": "application/json",
								"type": "text"
							}
						],
						"body": {
							"mode": "formdata",
							"formdata": []
						},
						"url": {
							"raw": "http://localhost:8000/api/getPushers?user_id=3&page=1&items_per_page=10",
							"protocol": "http",
							"host": [
								"localhost"
							],
							"port": "8000",
							"path": [
								"api",
								"getPushers"
							],
							"query": [
								{
									"key": "user_id",
									"value": "3"
								},
								{
									"key": "page",
									"value": "1"
								},
								{
									"key": "items_per_page",
									"value": "10"
								}
							]
						}
					},
					"response": []
				}
			]
		},
		{
			"name": "Broadcasts",
			"item": [
				{
					"name": "createBroadcast",
					"request": {
						"method": "POST",
						"header": [
							{
								"key": "Accept",
								"value": "application/json",
								"type": "text"
							}
						],
						"body": {
							"mode": "formdata",
							"formdata": [
								{
									"key": "user_id",
									"value": "3",
									"type": "text"
								},
								{
									"key": "name",
									"value": "Welcome to the SMSPlus whatsapp",
									"type": "text"
								},
								{
									"key": "message",
									"value": "Welcome to the SMSPlus whatsapp",
									"type": "text"
								},
								{
									"key": "broadcast_id",
									"value": "4",
									"type": "text",
									"disabled": true
								},
								{
									"key": "status",
									"value": "inactive",
									"type": "text"
								}
							]
						},
						"url": {
							"raw": "http://whatsapp.local/api/createBroadcast",
							"protocol": "http",
							"host": [
								"whatsapp",
								"local"
							],
							"path": [
								"api",
								"createBroadcast"
							]
						}
					},
					"response": []
				},
				{
					"name": "getBroadcasts",
					"request": {
						"method": "POST",
						"header": [
							{
								"key": "Accept",
								"value": "application/json",
								"type": "text"
							}
						],
						"body": {
							"mode": "formdata",
							"formdata": []
						},
						"url": {
							"raw": "http://whatsapp.local/api/getBroadcasts?user_id=3&page=1&items_per_page=10",
							"protocol": "http",
							"host": [
								"whatsapp",
								"local"
							],
							"path": [
								"api",
								"getBroadcasts"
							],
							"query": [
								{
									"key": "user_id",
									"value": "3"
								},
								{
									"key": "page",
									"value": "1"
								},
								{
									"key": "items_per_page",
									"value": "10"
								}
							]
						}
					},
					"response": []
				},
				{
					"name": "getBroadcastDetail",
					"request": {
						"method": "POST",
						"header": [
							{
								"key": "Accept",
								"value": "application/json",
								"type": "text"
							}
						],
						"body": {
							"mode": "formdata",
							"formdata": []
						},
						"url": {
							"raw": "http://whatsapp.local/api/getBroadcastDetail?user_id=3",
							"protocol": "http",
							"host": [
								"whatsapp",
								"local"
							],
							"path": [
								"api",
								"getBroadcastDetail"
							],
							"query": [
								{
									"key": "user_id",
									"value": "3",
									"description": "get single broadcast detail using id"
								},
								{
									"key": "broadcast_id",
									"value": "1",
									"disabled": true
								}
							]
						}
					},
					"response": []
				},
				{
					"name": "deleteBroadcast",
					"request": {
						"method": "POST",
						"header": [],
						"body": {
							"mode": "formdata",
							"formdata": []
						},
						"url": {
							"raw": "http://whatsapp.local/api/deleteBroadcast?user_id=2&broadcast_id=3",
							"protocol": "http",
							"host": [
								"whatsapp",
								"local"
							],
							"path": [
								"api",
								"deleteBroadcast"
							],
							"query": [
								{
									"key": "user_id",
									"value": "2",
									"description": "Delete Broadcast"
								},
								{
									"key": "broadcast_id",
									"value": "3"
								}
							]
						}
					},
					"response": []
				},
				{
					"name": "scheduleBroadcast",
					"request": {
						"method": "POST",
						"header": [],
						"body": {
							"mode": "formdata",
							"formdata": []
						},
						"url": {
							"raw": "http://whatsapp.local/api/scheduleBroadcast?user_id=3&broadcast_id=3&schedule_label=Laravel 9 first broadcast send&when_to_sent=1&group_ids=[\"9\"]",
							"protocol": "http",
							"host": [
								"whatsapp",
								"local"
							],
							"path": [
								"api",
								"scheduleBroadcast"
							],
							"query": [
								{
									"key": "user_id",
									"value": "3",
									"description": "Schedule Broadcast to send sms"
								},
								{
									"key": "broadcast_id",
									"value": "3"
								},
								{
									"key": "schedule_label",
									"value": "Laravel 9 first broadcast send"
								},
								{
									"key": "when_to_sent",
									"value": "1",
									"description": "when_to_sent = 1 => Send Now\nwhen_to_sent = 2 => Send Later\nif(when_to_sent = 2) => sch_date and sch_time will require\n\nsch_date => 2022-04-30\nsch_time => 10:00:00 AM"
								},
								{
									"key": "group_ids",
									"value": "[\"9\"]"
								}
							]
						}
					},
					"response": []
				},
				{
					"name": "getScheduleBroadcasts",
					"request": {
						"method": "POST",
						"header": [],
						"body": {
							"mode": "formdata",
							"formdata": []
						},
						"url": {
							"raw": "http://whatsapp.local/api/getScheduleBroadcasts?user_id=3&page=2&items_per_page=10",
							"protocol": "http",
							"host": [
								"whatsapp",
								"local"
							],
							"path": [
								"api",
								"getScheduleBroadcasts"
							],
							"query": [
								{
									"key": "user_id",
									"value": "3"
								},
								{
									"key": "page",
									"value": "2"
								},
								{
									"key": "items_per_page",
									"value": "10"
								}
							]
						}
					},
					"response": []
				},
				{
					"name": "getScheduleBroadcastDetail",
					"request": {
						"method": "POST",
						"header": [],
						"body": {
							"mode": "formdata",
							"formdata": []
						},
						"url": {
							"raw": "http://whatsapp.local/api/getScheduleBroadcastDetail?user_id=3&scheduel_id=1",
							"protocol": "http",
							"host": [
								"whatsapp",
								"local"
							],
							"path": [
								"api",
								"getScheduleBroadcastDetail"
							],
							"query": [
								{
									"key": "user_id",
									"value": "3"
								},
								{
									"key": "scheduel_id",
									"value": "1"
								}
							]
						}
					},
					"response": []
				},
				{
					"name": "deleteScheduleBroadcast",
					"request": {
						"method": "POST",
						"header": [],
						"body": {
							"mode": "formdata",
							"formdata": []
						},
						"url": {
							"raw": "http://whatsapp.local/api/deleteScheduleBroadcast?user_id=3&scheduel_id=1",
							"protocol": "http",
							"host": [
								"whatsapp",
								"local"
							],
							"path": [
								"api",
								"deleteScheduleBroadcast"
							],
							"query": [
								{
									"key": "user_id",
									"value": "3"
								},
								{
									"key": "scheduel_id",
									"value": "1",
									"description": "Delete Schedule Broadcast"
								}
							]
						}
					},
					"response": []
				}
			]
		}
	],
	"auth": {
		"type": "apikey",
		"apikey": [
			{
				"key": "value",
				"value": "4|6jeXgAA3ILfC1lJEdKbfPHoc1yzLkREMRNTfuE22",
				"type": "string"
			},
			{
				"key": "key",
				"value": "api_token",
				"type": "string"
			},
			{
				"key": "in",
				"value": "query",
				"type": "string"
			}
		]
	},
	"event": [
		{
			"listen": "prerequest",
			"script": {
				"type": "text/javascript",
				"exec": [
					""
				]
			}
		},
		{
			"listen": "test",
			"script": {
				"type": "text/javascript",
				"exec": [
					""
				]
			}
		}
	]
}